{
  "active": {
    "netuid": 21,
    "name": "AdTAO",
    "selected_at": "2026-07-01T19:37:29.113825+00:00",
    "entry_price": 0.004784,
    "trigger_reason": "10.59% 24h momentum \u00b7 RSI overbought",
    "entry_prices_snapshot": {
      "0": 1.0,
      "1": 0.00869141,
      "2": 0.00540824,
      "3": 0.02223067,
      "4": 0.05323383,
      "5": 0.01440848,
      "6": 0.00363986,
      "7": 0.00357314,
      "8": 0.03047568,
      "9": 0.03366537,
      "10": 0.0064473,
      "11": 0.00805306,
      "12": 0.00575995,
      "13": 0.00689211,
      "14": 0.01074918,
      "15": 0.02727504,
      "16": 0.01550257,
      "17": 0.01003056,
      "18": 0.00820131,
      "19": 0.01086113,
      "20": 0.00354426,
      "21": 0.00478392,
      "22": 0.00387667,
      "23": 0.00642782,
      "24": 0.00923134,
      "25": 0.00372335,
      "26": 0.00771358,
      "27": 0.00321876,
      "28": 0.01354788,
      "29": 0.00359029,
      "30": 0.00459636,
      "31": 0.00470008,
      "32": 0.00353371,
      "33": 0.00619597,
      "34": 0.01246308,
      "35": 0.00365225,
      "36": 0.00400209,
      "37": 0.00389587,
      "38": 0.01363146,
      "39": 0.00660074,
      "40": 0.03594613,
      "41": 0.00690457,
      "42": 0.00354434,
      "43": 0.00553244,
      "44": 0.03934558,
      "45": 0.00353068,
      "46": 0.0078042,
      "47": 0.00350459,
      "48": 0.00509456,
      "49": 0.00730709,
      "50": 0.0072134,
      "51": 0.05370485,
      "52": 0.00703686,
      "53": 0.00854937,
      "54": 0.0050021,
      "55": 0.00371107,
      "56": 0.01834575,
      "57": 0.00815428,
      "58": 0.00685359,
      "59": 0.00361314,
      "60": 0.00647929,
      "61": 0.00481787,
      "62": 0.01240196,
      "63": 0.00799901,
      "64": 0.0753028,
      "65": 0.00342719,
      "66": 0.00835548,
      "67": 0.01062918,
      "68": 0.02199972,
      "69": 0.01619489,
      "70": 0.00420653,
      "71": 0.00623783,
      "72": 0.00320818,
      "73": 0.0035819,
      "74": 0.00551736,
      "75": 0.01798863,
      "76": 0.00344618,
      "77": 0.00749542,
      "78": 0.00440432,
      "79": 0.008843,
      "80": 0.00343365,
      "81": 0.00779891,
      "82": 0.00880109,
      "83": 0.0124535,
      "84": 0.00357542,
      "85": 0.00756319,
      "86": 0.00338047,
      "87": 0.0043533,
      "88": 0.00349178,
      "89": 0.00430374,
      "90": 0.00292722,
      "91": 0.01941803,
      "92": 0.01240756,
      "93": 0.01147687,
      "94": 0.00325118,
      "95": 0.0483723,
      "96": 0.01501224,
      "97": 0.02615703,
      "98": 0.00388947,
      "99": 0.00324379,
      "100": 0.00790853,
      "101": 0.00599202,
      "102": 0.01276711,
      "103": 0.00351842,
      "104": 0.00412148,
      "105": 0.00971449,
      "106": 0.0039755,
      "107": 0.04404678,
      "108": 0.0038038,
      "109": 0.00406141,
      "110": 0.01007778,
      "111": 0.0069354,
      "112": 0.00573551,
      "113": 0.00474105,
      "114": 0.01087257,
      "115": 0.00523136,
      "116": 0.01377621,
      "117": 0.00409633,
      "118": 0.01883419,
      "119": 0.00447068,
      "120": 0.05330378,
      "121": 0.00535752,
      "122": 0.01311312,
      "123": 0.00374111,
      "124": 0.00822372,
      "125": 0.00453244,
      "126": 0.00941498,
      "127": 0.00384835,
      "128": 0.00387075
    }
  },
  "history": []
}